1950;7;16803.511487422285;8861.232456027119;"[""UK Silverstone"", ""Monaco Monte-Carlo"", ""USA Indianapolis"", ""Switzerland Bern"", ""Belgium Spa"", ""France Reims"", ""Italy Monza""]";[0, 4, 3, 6, 1, 5, 2];1;0;6;0;0;0
1951;8;16575.670920173903;9021.686817987862;"[""Switzerland Bern"", ""USA Indianapolis"", ""Belgium Spa"", ""France Reims"", ""UK Silverstone"", ""Germany N\u00fcrburg"", ""Italy Monza"", ""Spain Barcelona""]";[0, 6, 7, 3, 5, 2, 4, 1];1;0;7;0;0;0
1952;8;16418.983113748385;8160.777431246066;"[""Switzerland Bern"", ""USA Indianapolis"", ""Belgium Spa"", ""France Rouen"", ""UK Silverstone"", ""Germany N\u00fcrburg"", ""Netherlands Zandvoort"", ""Italy Monza""]";[0, 7, 5, 2, 6, 3, 4, 1];1;0;7;0;0;0
1953;9;17467.066308871956;16571.838875007532;"[""Argentina Buenos Aires"", ""USA Indianapolis"", ""Netherlands Zandvoort"", ""Belgium Spa"", ""France Reims"", ""UK Silverstone"", ""Germany N\u00fcrburg"", ""Switzerland Bern"", ""Italy Monza""]";[0, 1, 5, 2, 3, 6, 4, 7, 8];1;1;7;0;0;0
1954;9;18158.466301074524;17139.106781661096;"[""Argentina Buenos Aires"", ""USA Indianapolis"", ""Belgium Spa"", ""France Reims"", ""UK Silverstone"", ""Germany N\u00fcrburg"", ""Switzerland Bern"", ""Italy Monza"", ""Spain Barcelona""]";[0, 1, 4, 3, 2, 5, 6, 7, 8];1;1;7;0;0;0
1955;7;27142.274233835073;16492.542359814164;"[""Argentina Buenos Aires"", ""Monaco Monte-Carlo"", ""USA Indianapolis"", ""Belgium Spa"", ""Netherlands Zandvoort"", ""UK Liverpool"", ""Italy Monza""]";[0, 2, 5, 4, 3, 6, 1];1;1;5;0;0;0
1956;8;26963.332476612817;16621.590635375313;"[""Argentina Buenos Aires"", ""Monaco Monte-Carlo"", ""USA Indianapolis"", ""Belgium Spa"", ""France Reims"", ""UK Silverstone"", ""Germany N\u00fcrburg"", ""Italy Monza""]";[0, 2, 5, 4, 3, 6, 7, 1];1;1;6;0;0;0
1957;8;27757.332138843878;17225.232765297056;"[""Argentina Buenos Aires"", ""Monaco Monte-Carlo"", ""USA Indianapolis"", ""France Rouen"", ""UK Liverpool"", ""Germany N\u00fcrburg"", ""Italy Pescara"", ""Italy Monza""]";[0, 2, 4, 3, 5, 7, 1, 6];1;1;6;0;0;0
1958;11;31787.581776938052;19380.04388040837;"[""Argentina Buenos Aires"", ""Monaco Monte-Carlo"", ""Netherlands Zandvoort"", ""USA Indianapolis"", ""Belgium Spa"", ""France Reims"", ""UK Silverstone"", ""Germany N\u00fcrburg"", ""Portugal Oporto"", ""Italy Monza"", ""Morocco Casablanca""]";[0, 3, 8, 10, 1, 9, 5, 7, 4, 2, 6];1;1;8;1;0;0
1959;9;28144.81154082518;12370.602715366716;"[""Monaco Monte-Carlo"", ""USA Indianapolis"", ""Netherlands Zandvoort"", ""France Reims"", ""UK Liverpool"", ""Germany Berlin"", ""Portugal Lisbon"", ""Italy Monza"", ""USA Florida""]";[0, 7, 3, 5, 2, 4, 6, 1, 8];2;0;7;0;0;0
1960;10;38335.80915352435;21859.526011669088;"[""Argentina Buenos Aires"", ""Monaco Monte-Carlo"", ""USA Indianapolis"", ""Netherlands Zandvoort"", ""Belgium Spa"", ""France Reims"", ""UK Silverstone"", ""Portugal Oporto"", ""Italy Monza"", ""USA California""]";[0, 9, 2, 7, 6, 3, 4, 5, 8, 1];2;1;7;0;0;0
1961;8;9874.349045821706;7227.793414962425;"[""Monaco Monte-Carlo"", ""Netherlands Zandvoort"", ""Belgium Spa"", ""France Reims"", ""UK Liverpool"", ""Germany N\u00fcrburg"", ""Italy Monza"", ""USA New York State""]";[0, 6, 3, 5, 2, 1, 4, 7];1;0;7;0;0;0
1962;9;23539.54568948101;20887.42228057983;"[""Netherlands Zandvoort"", ""Monaco Monte-Carlo"", ""Belgium Spa"", ""France Rouen"", ""UK Liverpool"", ""Germany N\u00fcrburg"", ""Italy Monza"", ""USA New York State"", ""South Africa Eastern Cape Province""]";[0, 2, 5, 6, 1, 3, 4, 7, 8];1;0;7;1;0;0
1963;10;27161.488708146502;24983.430938372607;"[""Monaco Monte-Carlo"", ""Belgium Spa"", ""Netherlands Zandvoort"", ""France Reims"", ""UK Silverstone"", ""Germany N\u00fcrburg"", ""Italy Monza"", ""USA New York State"", ""Mexico Mexico City"", ""South Africa Eastern Cape Province""]";[0, 6, 3, 5, 1, 2, 4, 7, 8, 9];2;0;7;1;0;0
1964;10;13290.725867230758;11380.638775865447;"[""Monaco Monte-Carlo"", ""Netherlands Zandvoort"", ""Belgium Spa"", ""France Rouen"", ""UK Kent"", ""Germany N\u00fcrburg"", ""Austria Styria"", ""Italy Monza"", ""USA New York State"", ""Mexico Mexico City""]";[0, 7, 6, 5, 2, 1, 4, 3, 8, 9];2;0;8;0;0;0
1965;10;21941.55938997042;19670.488672568936;"[""South Africa Eastern Cape Province"", ""Monaco Monte-Carlo"", ""Belgium Spa"", ""France Clermont-Ferrand"", ""UK Silverstone"", ""Netherlands Zandvoort"", ""Germany N\u00fcrburg"", ""Italy Monza"", ""USA New York State"", ""Mexico Mexico City""]";[0, 1, 7, 3, 6, 2, 5, 4, 8, 9];2;0;7;1;0;0
1966;9;12238.91294681038;10670.858242085234;"[""Monaco Monte-Carlo"", ""Belgium Spa"", ""France Reims"", ""UK Kent"", ""Netherlands Zandvoort"", ""Germany N\u00fcrburg"", ""Italy Monza"", ""USA New York State"", ""Mexico Mexico City""]";[0, 6, 2, 5, 1, 4, 3, 7, 8];2;0;7;0;0;0
1967;11;33486.86461803184;19480.849079108735;"[""South Africa Midrand"", ""Monaco Monte-Carlo"", ""Netherlands Zandvoort"", ""Belgium Spa"", ""France Le Mans"", ""UK Silverstone"", ""Germany N\u00fcrburg"", ""Canada Ontario"", ""Italy Monza"", ""USA New York State"", ""Mexico Mexico City""]";[0, 1, 8, 6, 3, 2, 4, 5, 9, 7, 10];3;0;7;1;0;0
1968;12;21646.113975586766;20475.156479885154;"[""South Africa Midrand"", ""Spain Madrid"", ""Monaco Monte-Carlo"", ""Belgium Spa"", ""Netherlands Zandvoort"", ""France Rouen"", ""UK Kent"", ""Germany N\u00fcrburg"", ""Italy Monza"", ""Canada Quebec"", ""USA New York State"", ""Mexico Mexico City""]";[0, 1, 5, 2, 8, 7, 3, 4, 6, 9, 10, 11];3;0;8;1;0;0
1969;11;22629.496137427264;19624.813771477824;"[""South Africa Midrand"", ""Spain Barcelona"", ""Monaco Monte-Carlo"", ""Netherlands Zandvoort"", ""France Clermont-Ferrand"", ""UK Silverstone"", ""Germany N\u00fcrburg"", ""Italy Monza"", ""Canada Ontario"", ""USA New York State"", ""Mexico Mexico City""]";[0, 1, 4, 2, 7, 6, 3, 5, 9, 8, 10];3;0;7;1;0;0
1970;13;22981.077649900173;20405.960728847804;"[""South Africa Midrand"", ""Spain Madrid"", ""Monaco Monte-Carlo"", ""Belgium Spa"", ""Netherlands Zandvoort"", ""France Clermont-Ferrand"", ""UK Kent"", ""Germany Hockenheim"", ""Austria Spielberg"", ""Italy Monza"", ""Canada Quebec"", ""USA New York State"", ""Mexico Mexico City""]";[0, 1, 5, 2, 9, 8, 7, 3, 4, 6, 10, 11, 12];3;0;9;1;0;0
1971;11;20360.111438282758;16572.595763114336;"[""South Africa Midrand"", ""Spain Barcelona"", ""Monaco Monte-Carlo"", ""Netherlands Zandvoort"", ""France Le Castellet"", ""UK Silverstone"", ""Germany N\u00fcrburg"", ""Austria Spielberg"", ""Italy Monza"", ""Canada Ontario"", ""USA New York State""]";[0, 1, 4, 2, 8, 7, 6, 3, 5, 10, 9];2;0;8;1;0;0
1972;12;27988.013217263066;25443.72033533365;"[""Argentina Buenos Aires"", ""South Africa Midrand"", ""Spain Madrid"", ""Monaco Monte-Carlo"", ""Belgium Brussels"", ""France Clermont-Ferrand"", ""UK Kent"", ""Germany N\u00fcrburg"", ""Austria Spielberg"", ""Italy Monza"", ""Canada Ontario"", ""USA New York State""]";[0, 1, 2, 5, 3, 9, 8, 7, 4, 6, 11, 10];2;1;8;1;0;0
1973;15;32175.510079491578;27059.44366643567;"[""Argentina Buenos Aires"", ""Brazil S\u00e3o Paulo"", ""South Africa Midrand"", ""Spain Barcelona"", ""Belgium Heusden-Zolder"", ""Monaco Monte-Carlo"", ""Sweden Anderstorp"", ""France Le Castellet"", ""UK Silverstone"", ""Netherlands Zandvoort"", ""Germany N\u00fcrburg"", ""Austria Spielberg"", ""Italy Monza"", ""Canada Ontario"", ""USA New York State""]";[0, 1, 2, 3, 7, 5, 12, 11, 6, 10, 4, 9, 8, 14, 13];2;2;10;1;0;0
1974;15;31586.52983478559;28405.55196686321;"[""Argentina Buenos Aires"", ""Brazil S\u00e3o Paulo"", ""South Africa Midrand"", ""Spain Madrid"", ""Belgium Brussels"", ""Monaco Monte-Carlo"", ""Sweden Anderstorp"", ""Netherlands Zandvoort"", ""France Dijon"", ""UK Kent"", ""Germany N\u00fcrburg"", ""Austria Spielberg"", ""Italy Monza"", ""Canada Ontario"", ""USA New York State""]";[0, 1, 2, 3, 5, 12, 11, 8, 4, 10, 6, 7, 9, 14, 13];2;2;10;1;0;0
1975;14;30286.343274281757;26503.208272444677;"[""Argentina Buenos Aires"", ""Brazil S\u00e3o Paulo"", ""South Africa Midrand"", ""Spain Barcelona"", ""Monaco Monte-Carlo"", ""Belgium Heusden-Zolder"", ""Sweden Anderstorp"", ""Netherlands Zandvoort"", ""France Le Castellet"", ""UK Silverstone"", ""Germany N\u00fcrburg"", ""Austria Spielberg"", ""Italy Monza"", ""USA New York State""]";[0, 1, 2, 3, 8, 4, 12, 11, 6, 10, 5, 7, 9, 13];1;2;10;1;0;0
1976;16;60375.89074412373;38706.881567184864;"[""Brazil S\u00e3o Paulo"", ""South Africa Midrand"", ""USA California"", ""Spain Madrid"", ""Belgium Heusden-Zolder"", ""Monaco Monte-Carlo"", ""Sweden Anderstorp"", ""France Le Castellet"", ""UK Kent"", ""Germany N\u00fcrburg"", ""Austria Spielberg"", ""Netherlands Zandvoort"", ""Italy Monza"", ""Canada Ontario"", ""USA New York State"", ""Japan Oyama""]";[0, 1, 10, 6, 11, 8, 4, 9, 12, 5, 7, 3, 14, 13, 2, 15];3;1;10;1;1;0
1977;17;59906.707817238515;40493.429009103944;"[""Argentina Buenos Aires"", ""Brazil S\u00e3o Paulo"", ""South Africa Midrand"", ""USA California"", ""Spain Madrid"", ""Monaco Monte-Carlo"", ""Belgium Heusden-Zolder"", ""Sweden Anderstorp"", ""France Dijon"", ""UK Silverstone"", ""Germany Hockenheim"", ""Austria Spielberg"", ""Netherlands Zandvoort"", ""Italy Monza"", ""USA New York State"", ""Canada Ontario"", ""Japan Oyama""]";[0, 1, 2, 4, 5, 13, 11, 10, 8, 6, 7, 12, 9, 14, 15, 3, 16];3;2;10;1;1;0
1978;16;52119.50252579781;31225.63107082955;"[""Argentina Buenos Aires"", ""Brazil Rio de Janeiro"", ""South Africa Midrand"", ""USA California"", ""Monaco Monte-Carlo"", ""Belgium Heusden-Zolder"", ""Spain Madrid"", ""Sweden Anderstorp"", ""France Le Castellet"", ""UK Kent"", ""Germany Hockenheim"", ""Austria Spielberg"", ""Netherlands Zandvoort"", ""Italy Monza"", ""USA New York State"", ""Canada Montreal""]";[0, 1, 2, 6, 8, 4, 13, 11, 10, 5, 9, 12, 7, 15, 14, 3];3;2;10;1;0;0
1979;15;47941.548869954495;30189.022834203457;"[""Argentina Buenos Aires"", ""Brazil S\u00e3o Paulo"", ""South Africa Midrand"", ""USA California"", ""Spain Madrid"", ""Belgium Heusden-Zolder"", ""Monaco Monte-Carlo"", ""France Dijon"", ""UK Silverstone"", ""Germany Hockenheim"", ""Austria Spielberg"", ""Netherlands Zandvoort"", ""Italy Monza"", ""Canada Montreal"", ""USA New York State""]";[0, 1, 2, 4, 6, 12, 10, 9, 7, 5, 11, 8, 13, 14, 3];3;2;9;1;0;0
1980;14;46444.36576643515;28886.732073067447;"[""Argentina Buenos Aires"", ""Brazil S\u00e3o Paulo"", ""South Africa Midrand"", ""USA California"", ""Belgium Heusden-Zolder"", ""Monaco Monte-Carlo"", ""France Le Castellet"", ""UK Kent"", ""Germany Hockenheim"", ""Austria Spielberg"", ""Netherlands Zandvoort"", ""Italy Imola"", ""Canada Montreal"", ""USA New York State""]";[0, 1, 2, 6, 5, 11, 9, 8, 4, 10, 7, 12, 13, 3];3;2;8;1;0;0
1981;15;40440.80964175758;23013.378465781043;"[""USA California"", ""Brazil Rio de Janeiro"", ""Argentina Buenos Aires"", ""Italy Imola"", ""Belgium Heusden-Zolder"", ""Monaco Monte-Carlo"", ""Spain Madrid"", ""France Dijon"", ""UK Silverstone"", ""Germany Hockenheim"", ""Austria Spielberg"", ""Netherlands Zandvoort"", ""Italy Monza"", ""Canada Montreal"", ""USA Nevada""]";[0, 14, 13, 8, 11, 4, 7, 9, 10, 3, 12, 5, 6, 1, 2];3;2;10;0;0;0
1982;16;54665.72381797751;28379.537709278422;"[""South Africa Midrand"", ""Brazil Rio de Janeiro"", ""USA California"", ""Italy Imola"", ""Belgium Heusden-Zolder"", ""Monaco Monte-Carlo"", ""USA Detroit"", ""Canada Montreal"", ""Netherlands Zandvoort"", ""UK Kent"", ""France Le Castellet"", ""Germany Hockenheim"", ""Austria Spielberg"", ""France Dijon"", ""Italy Monza"", ""USA Nevada""]";[0, 1, 5, 10, 13, 14, 3, 12, 11, 4, 8, 9, 7, 6, 15, 2];4;1;10;1;0;0
1983;15;46499.570937087396;26707.33310962982;"[""Brazil Rio de Janeiro"", ""USA California"", ""France Le Castellet"", ""Italy Imola"", ""Monaco Monte-Carlo"", ""Belgium Spa"", ""USA Detroit"", ""Canada Montreal"", ""UK Silverstone"", ""Germany Hockenheim"", ""Austria Spielberg"", ""Netherlands Zandvoort"", ""Italy Monza"", ""UK Kent"", ""South Africa Midrand""]";[0, 14, 3, 4, 2, 12, 10, 9, 5, 11, 13, 8, 7, 6, 1];3;1;10;1;0;0
1984;16;39478.01963713302;27158.349687703743;"[""Brazil Rio de Janeiro"", ""South Africa Midrand"", ""Belgium Heusden-Zolder"", ""Italy Imola"", ""France Dijon"", ""Monaco Monte-Carlo"", ""Canada Montreal"", ""USA Detroit"", ""USA Dallas"", ""UK Kent"", ""Germany Hockenheim"", ""Austria Spielberg"", ""Netherlands Zandvoort"", ""Italy Monza"", ""Germany N\u00fcrburg"", ""Portugal Estoril""]";[0, 1, 15, 4, 5, 13, 3, 11, 10, 14, 2, 12, 9, 6, 7, 8];3;1;11;1;0;0
1985;16;47884.957312022925;36439.71411639759;"[""Brazil Rio de Janeiro"", ""Portugal Estoril"", ""Italy Imola"", ""Monaco Monte-Carlo"", ""Canada Montreal"", ""USA Detroit"", ""France Le Castellet"", ""UK Silverstone"", ""Germany N\u00fcrburg"", ""Austria Spielberg"", ""Netherlands Zandvoort"", ""Italy Monza"", ""Belgium Spa"", ""UK Kent"", ""South Africa Midrand"", ""Australia Adelaide""]";[0, 5, 4, 1, 7, 13, 10, 12, 8, 9, 2, 11, 6, 3, 14, 15];2;1;11;1;0;1
1986;16;51536.310927384206;35295.581869170055;"[""Brazil Rio de Janeiro"", ""Spain Jerez de la Frontera"", ""Italy Imola"", ""Monaco Monte-Carlo"", ""Belgium Spa"", ""Canada Montreal"", ""USA Detroit"", ""France Le Castellet"", ""UK Kent"", ""Germany Hockenheim"", ""Hungary Budapest"", ""Austria Spielberg"", ""Italy Monza"", ""Portugal Estoril"", ""Mexico Mexico City"", ""Australia Adelaide""]";[0, 13, 1, 7, 3, 12, 2, 10, 11, 9, 4, 8, 5, 6, 14, 15];3;1;11;0;0;1
1987;16;58578.15412470248;38066.5056820478;"[""Brazil Rio de Janeiro"", ""Italy Imola"", ""Belgium Spa"", ""Monaco Monte-Carlo"", ""USA Detroit"", ""France Le Castellet"", ""UK Silverstone"", ""Germany Hockenheim"", ""Hungary Budapest"", ""Austria Spielberg"", ""Italy Monza"", ""Portugal Estoril"", ""Spain Jerez de la Frontera"", ""Mexico Mexico City"", ""Japan Suzuka"", ""Australia Adelaide""]";[0, 13, 4, 11, 12, 6, 2, 7, 10, 5, 3, 1, 9, 8, 14, 15];2;1;11;0;1;1
1988;16;56164.50356775187;38350.3751755805;"[""Brazil Rio de Janeiro"", ""Italy Imola"", ""Monaco Monte-Carlo"", ""Mexico Mexico City"", ""Canada Montreal"", ""USA Detroit"", ""France Le Castellet"", ""UK Silverstone"", ""Germany Hockenheim"", ""Hungary Budapest"", ""Belgium Spa"", ""Italy Monza"", ""Portugal Estoril"", ""Spain Jerez de la Frontera"", ""Japan Suzuka"", ""Australia Adelaide""]";[0, 3, 5, 4, 12, 13, 6, 2, 1, 11, 7, 10, 8, 9, 14, 15];3;1;10;0;1;1
1989;16;56319.00705540536;40396.725883581115;"[""Brazil Rio de Janeiro"", ""Italy Imola"", ""Monaco Monte-Carlo"", ""Mexico Mexico City"", ""USA Phoenix"", ""Canada Montreal"", ""France Le Castellet"", ""UK Silverstone"", ""Germany Hockenheim"", ""Hungary Budapest"", ""Belgium Spa"", ""Italy Monza"", ""Portugal Estoril"", ""Spain Jerez de la Frontera"", ""Japan Suzuka"", ""Australia Adelaide""]";[0, 12, 13, 6, 2, 11, 1, 9, 8, 10, 7, 5, 3, 4, 14, 15];3;1;10;0;1;1
1990;16;64137.77810537963;45318.64412392959;"[""USA Phoenix"", ""Brazil S\u00e3o Paulo"", ""Italy Imola"", ""Monaco Monte-Carlo"", ""Canada Montreal"", ""Mexico Mexico City"", ""France Le Castellet"", ""UK Silverstone"", ""Germany Hockenheim"", ""Hungary Budapest"", ""Belgium Spa"", ""Italy Monza"", ""Portugal Estoril"", ""Spain Jerez de la Frontera"", ""Japan Suzuka"", ""Australia Adelaide""]";[0, 5, 1, 12, 13, 6, 3, 11, 2, 9, 8, 10, 7, 4, 14, 15];3;1;10;0;1;1
1991;16;63161.89065956438;43851.31511021381;"[""USA Phoenix"", ""Brazil S\u00e3o Paulo"", ""Italy Imola"", ""Monaco Monte-Carlo"", ""Canada Montreal"", ""Mexico Mexico City"", ""France Magny Cours"", ""UK Silverstone"", ""Germany Hockenheim"", ""Hungary Budapest"", ""Belgium Spa"", ""Italy Monza"", ""Portugal Estoril"", ""Spain Montmel\u00f3"", ""Japan Suzuka"", ""Australia Adelaide""]";[0, 5, 4, 1, 12, 13, 6, 3, 11, 2, 9, 8, 10, 7, 14, 15];3;1;10;0;1;1
1992;16;68214.40462054407;45740.56619185362;"[""South Africa Midrand"", ""Mexico Mexico City"", ""Brazil S\u00e3o Paulo"", ""Spain Montmel\u00f3"", ""Italy Imola"", ""Monaco Monte-Carlo"", ""Canada Montreal"", ""France Magny Cours"", ""UK Silverstone"", ""Germany Hockenheim"", ""Hungary Budapest"", ""Belgium Spa"", ""Italy Monza"", ""Portugal Estoril"", ""Japan Suzuka"", ""Australia Adelaide""]";[0, 2, 1, 6, 8, 11, 9, 7, 13, 3, 5, 12, 4, 10, 14, 15];2;1;10;1;1;1
1993;16;55871.849228169;43710.03104657957;"[""South Africa Midrand"", ""Brazil S\u00e3o Paulo"", ""UK Castle Donington"", ""Italy Imola"", ""Spain Montmel\u00f3"", ""Monaco Monte-Carlo"", ""Canada Montreal"", ""France Magny Cours"", ""UK Silverstone"", ""Germany Hockenheim"", ""Hungary Budapest"", ""Belgium Spa"", ""Italy Monza"", ""Portugal Estoril"", ""Japan Suzuka"", ""Australia Adelaide""]";[0, 1, 13, 4, 7, 5, 12, 3, 10, 9, 11, 8, 2, 6, 14, 15];1;1;11;1;1;1
1994;16;65515.67701101503;36032.08850669567;"[""Brazil S\u00e3o Paulo"", ""Japan Okayama"", ""Italy Imola"", ""Monaco Monte-Carlo"", ""Spain Montmel\u00f3"", ""Canada Montreal"", ""France Magny Cours"", ""UK Silverstone"", ""Germany Hockenheim"", ""Hungary Budapest"", ""Belgium Spa"", ""Italy Monza"", ""Portugal Estoril"", ""Spain Jerez de la Frontera"", ""Japan Suzuka"", ""Australia Adelaide""]";[0, 5, 7, 12, 13, 4, 3, 2, 11, 6, 10, 8, 9, 1, 14, 15];1;1;11;0;2;1
1995;17;50646.896157204515;38296.913127004846;"[""Brazil S\u00e3o Paulo"", ""Argentina Buenos Aires"", ""Italy Imola"", ""Spain Montmel\u00f3"", ""Monaco Monte-Carlo"", ""Canada Montreal"", ""France Magny Cours"", ""UK Silverstone"", ""Germany Hockenheim"", ""Hungary Budapest"", ""Belgium Spa"", ""Italy Monza"", ""Portugal Estoril"", ""Germany N\u00fcrburg"", ""Japan Okayama"", ""Japan Suzuka"", ""Australia Adelaide""]";[0, 1, 5, 12, 7, 10, 13, 6, 3, 4, 2, 11, 8, 9, 14, 15, 16];1;2;11;0;2;1
1996;16;56014.65438067058;37461.27381126838;"[""Australia Melbourne"", ""Brazil S\u00e3o Paulo"", ""Argentina Buenos Aires"", ""Germany N\u00fcrburg"", ""Italy Imola"", ""Monaco Monte-Carlo"", ""Spain Montmel\u00f3"", ""Canada Montreal"", ""France Magny Cours"", ""UK Silverstone"", ""Germany Hockenheim"", ""Hungary Budapest"", ""Belgium Spa"", ""Italy Monza"", ""Portugal Estoril"", ""Japan Suzuka""]";[0, 15, 9, 8, 12, 3, 10, 11, 4, 13, 5, 6, 14, 7, 1, 2];1;2;11;0;1;1
1997;17;63949.285193178126;37725.70980573076;"[""Australia Melbourne"", ""Brazil S\u00e3o Paulo"", ""Argentina Buenos Aires"", ""Italy Imola"", ""Monaco Monte-Carlo"", ""Spain Montmel\u00f3"", ""Canada Montreal"", ""France Magny Cours"", ""UK Silverstone"", ""Germany Hockenheim"", ""Hungary Budapest"", ""Belgium Spa"", ""Italy Monza"", ""Austria Spielberg"", ""Germany N\u00fcrburg"", ""Japan Suzuka"", ""Spain Jerez de la Frontera""]";[0, 15, 8, 7, 11, 14, 9, 13, 10, 3, 12, 4, 5, 16, 6, 1, 2];1;2;12;0;1;1
1998;16;53927.84109778417;35545.95801868679;"[""Australia Melbourne"", ""Brazil S\u00e3o Paulo"", ""Argentina Buenos Aires"", ""Italy Imola"", ""Spain Montmel\u00f3"", ""Monaco Monte-Carlo"", ""Canada Montreal"", ""France Magny Cours"", ""UK Silverstone"", ""Austria Spielberg"", ""Germany Hockenheim"", ""Hungary Budapest"", ""Belgium Spa"", ""Italy Monza"", ""Germany N\u00fcrburg"", ""Japan Suzuka""]";[0, 15, 11, 9, 3, 13, 5, 4, 7, 10, 14, 12, 8, 6, 1, 2];1;2;11;0;1;1
1999;16;55626.327659684066;37168.1727819435;"[""Australia Melbourne"", ""Brazil S\u00e3o Paulo"", ""Italy Imola"", ""Monaco Monte-Carlo"", ""Spain Montmel\u00f3"", ""Canada Montreal"", ""France Magny Cours"", ""UK Silverstone"", ""Austria Spielberg"", ""Germany Hockenheim"", ""Hungary Budapest"", ""Belgium Spa"", ""Italy Monza"", ""Germany N\u00fcrburg"", ""Malaysia Kuala Lumpur"", ""Japan Suzuka""]";[0, 14, 15, 10, 8, 2, 12, 3, 4, 6, 9, 13, 11, 7, 5, 1];1;1;11;0;2;1
2000;17;65616.4556675968;38856.51574984186;"[""Australia Melbourne"", ""Brazil S\u00e3o Paulo"", ""Italy Imola"", ""UK Silverstone"", ""Spain Montmel\u00f3"", ""Germany N\u00fcrburg"", ""Monaco Monte-Carlo"", ""Canada Montreal"", ""France Magny Cours"", ""Austria Spielberg"", ""Germany Hockenheim"", ""Hungary Budapest"", ""Belgium Spa"", ""Italy Monza"", ""USA Indianapolis"", ""Japan Suzuka"", ""Malaysia Kuala Lumpur""]";[0, 16, 15, 11, 9, 10, 5, 12, 13, 2, 6, 4, 8, 3, 7, 14, 1];2;1;11;0;2;1
2001;17;68764.97002344698;38849.44658564529;"[""Australia Melbourne"", ""Malaysia Kuala Lumpur"", ""Brazil S\u00e3o Paulo"", ""Italy Imola"", ""Spain Montmel\u00f3"", ""Austria Spielberg"", ""Monaco Monte-Carlo"", ""Canada Montreal"", ""Germany N\u00fcrburg"", ""France Magny Cours"", ""UK Silverstone"", ""Germany Hockenheim"", ""Hungary Budapest"", ""Belgium Spa"", ""Italy Monza"", ""USA Indianapolis"", ""Japan Suzuka""]";[0, 1, 16, 12, 5, 11, 14, 3, 6, 4, 9, 8, 13, 10, 7, 15, 2];2;1;11;0;2;1
2002;17;68622.91809421046;38380.951491665684;"[""Australia Melbourne"", ""Malaysia Kuala Lumpur"", ""Brazil S\u00e3o Paulo"", ""Italy Imola"", ""Spain Montmel\u00f3"", ""Austria Spielberg"", ""Monaco Monte-Carlo"", ""Canada Montreal"", ""Germany N\u00fcrburg"", ""UK Silverstone"", ""France Magny Cours"", ""Germany Hockenheim"", ""Hungary Budapest"", ""Belgium Spa"", ""Italy Monza"", ""USA Indianapolis"", ""Japan Suzuka""]";[0, 1, 16, 12, 5, 3, 14, 6, 4, 10, 11, 8, 13, 9, 7, 15, 2];2;1;11;0;2;1
2003;16;67924.03052020371;38732.549492071426;"[""Australia Melbourne"", ""Malaysia Kuala Lumpur"", ""Brazil S\u00e3o Paulo"", ""Italy Imola"", ""Spain Montmel\u00f3"", ""Austria Spielberg"", ""Monaco Monte-Carlo"", ""Canada Montreal"", ""Germany N\u00fcrburg"", ""France Magny Cours"", ""UK Silverstone"", ""Germany Hockenheim"", ""Hungary Budapest"", ""Italy Monza"", ""USA Indianapolis"", ""Japan Suzuka""]";[0, 1, 15, 12, 5, 11, 8, 13, 3, 6, 4, 9, 10, 7, 14, 2];2;1;10;0;2;1
2004;18;65389.80056652013;40921.35555637469;"[""Australia Melbourne"", ""Malaysia Kuala Lumpur"", ""Bahrain Sakhir"", ""Italy Imola"", ""Spain Montmel\u00f3"", ""Monaco Monte-Carlo"", ""Germany N\u00fcrburg"", ""Canada Montreal"", ""USA Indianapolis"", ""France Magny Cours"", ""UK Silverstone"", ""Germany Hockenheim"", ""Hungary Budapest"", ""Belgium Spa"", ""Italy Monza"", ""China Shanghai"", ""Japan Suzuka"", ""Brazil S\u00e3o Paulo""]";[0, 16, 15, 1, 2, 12, 3, 14, 5, 4, 9, 11, 6, 13, 10, 7, 8, 17];2;1;10;0;4;1
2005;19;67691.20546772372;40939.71643052534;"[""Australia Melbourne"", ""Malaysia Kuala Lumpur"", ""Bahrain Sakhir"", ""Italy Imola"", ""Spain Montmel\u00f3"", ""Monaco Monte-Carlo"", ""Germany N\u00fcrburg"", ""Canada Montreal"", ""USA Indianapolis"", ""France Magny Cours"", ""UK Silverstone"", ""Germany Hockenheim"", ""Hungary Budapest"", ""Turkey Istanbul"", ""Italy Monza"", ""Belgium Spa"", ""Brazil S\u00e3o Paulo"", ""Japan Suzuka"", ""China Shanghai""]";[0, 17, 18, 1, 2, 13, 12, 3, 14, 5, 4, 9, 11, 6, 15, 10, 7, 8, 16];2;1;10;0;5;1
2006;18;78422.74706635096;47633.38756452639;"[""Bahrain Sakhir"", ""Malaysia Kuala Lumpur"", ""Australia Melbourne"", ""Italy Imola"", ""Germany N\u00fcrburg"", ""Spain Montmel\u00f3"", ""Monaco Monte-Carlo"", ""UK Silverstone"", ""Canada Montreal"", ""USA Indianapolis"", ""France Magny Cours"", ""Germany Hockenheim"", ""Hungary Budapest"", ""Turkey Istanbul"", ""Italy Monza"", ""China Shanghai"", ""Japan Suzuka"", ""Brazil S\u00e3o Paulo""]";[0, 13, 12, 3, 6, 14, 11, 4, 7, 10, 5, 17, 9, 8, 16, 15, 1, 2];2;1;9;0;5;1
2007;17;67085.34054360495;41091.67332567165;"[""Australia Melbourne"", ""Malaysia Kuala Lumpur"", ""Bahrain Sakhir"", ""Spain Montmel\u00f3"", ""Monaco Monte-Carlo"", ""Canada Montreal"", ""USA Indianapolis"", ""France Magny Cours"", ""UK Silverstone"", ""Germany N\u00fcrburg"", ""Hungary Budapest"", ""Turkey Istanbul"", ""Italy Monza"", ""Belgium Spa"", ""Japan Oyama"", ""China Shanghai"", ""Brazil S\u00e3o Paulo""]";[0, 14, 15, 1, 2, 11, 10, 12, 4, 3, 7, 9, 13, 8, 5, 6, 16];2;1;8;0;5;1
2008;18;74830.48878878065;41730.60144789858;"[""Australia Melbourne"", ""Malaysia Kuala Lumpur"", ""Bahrain Sakhir"", ""Spain Montmel\u00f3"", ""Turkey Istanbul"", ""Monaco Monte-Carlo"", ""Canada Montreal"", ""France Magny Cours"", ""UK Silverstone"", ""Germany Hockenheim"", ""Hungary Budapest"", ""Spain Valencia"", ""Belgium Spa"", ""Italy Monza"", ""Singapore Marina Bay"", ""Japan Oyama"", ""China Shanghai"", ""Brazil S\u00e3o Paulo""]";[0, 15, 16, 14, 1, 2, 4, 10, 13, 5, 9, 12, 8, 7, 3, 11, 6, 17];1;1;9;0;6;1
2009;17;77901.5794640035;35460.93312889835;"[""Australia Melbourne"", ""Malaysia Kuala Lumpur"", ""China Shanghai"", ""Bahrain Sakhir"", ""Spain Montmel\u00f3"", ""Monaco Monte-Carlo"", ""Turkey Istanbul"", ""UK Silverstone"", ""Germany N\u00fcrburg"", ""Hungary Budapest"", ""Spain Valencia"", ""Belgium Spa"", ""Italy Monza"", ""Singapore Marina Bay"", ""Japan Suzuka"", ""Brazil S\u00e3o Paulo"", ""UAE Abu Dhabi""]";[0, 14, 2, 13, 1, 16, 3, 6, 9, 8, 11, 7, 12, 5, 4, 10, 15];0;1;8;0;7;1
2010;19;99397.16048647791;52530.620824420876;"[""Bahrain Sakhir"", ""Australia Melbourne"", ""Malaysia Kuala Lumpur"", ""China Shanghai"", ""Spain Montmel\u00f3"", ""Monaco Monte-Carlo"", ""Turkey Istanbul"", ""Canada Montreal"", ""Spain Valencia"", ""UK Silverstone"", ""Germany Hockenheim"", ""Hungary Budapest"", ""Belgium Spa"", ""Italy Monza"", ""Singapore Marina Bay"", ""Japan Suzuka"", ""Korea Yeongam County"", ""Brazil S\u00e3o Paulo"", ""UAE Abu Dhabi""]";[0, 6, 13, 5, 4, 8, 9, 12, 10, 11, 18, 2, 14, 1, 3, 16, 15, 7, 17];1;1;8;0;8;1
2011;19;72759.98146036785;41535.59860151487;"[""Australia Melbourne"", ""Malaysia Kuala Lumpur"", ""China Shanghai"", ""Turkey Istanbul"", ""Spain Montmel\u00f3"", ""Monaco Monte-Carlo"", ""Canada Montreal"", ""Spain Valencia"", ""UK Silverstone"", ""Germany N\u00fcrburg"", ""Hungary Budapest"", ""Belgium Spa"", ""Italy Monza"", ""Singapore Marina Bay"", ""Japan Suzuka"", ""Korea Yeongam County"", ""India Uttar Pradesh"", ""UAE Abu Dhabi"", ""Brazil S\u00e3o Paulo""]";[0, 14, 15, 2, 13, 1, 16, 17, 3, 10, 9, 11, 8, 12, 5, 4, 7, 6, 18];1;1;8;0;8;1
2012;20;83328.63499516192;43444.909071023656;"[""Australia Melbourne"", ""Malaysia Kuala Lumpur"", ""China Shanghai"", ""Bahrain Sakhir"", ""Spain Montmel\u00f3"", ""Monaco Monte-Carlo"", ""Canada Montreal"", ""Spain Valencia"", ""UK Silverstone"", ""Germany Hockenheim"", ""Hungary Budapest"", ""Belgium Spa"", ""Italy Monza"", ""Singapore Marina Bay"", ""Japan Suzuka"", ""Korea Yeongam County"", ""India Uttar Pradesh"", ""UAE Abu Dhabi"", ""USA Austin"", ""Brazil S\u00e3o Paulo""]";[0, 13, 1, 2, 14, 15, 16, 17, 3, 10, 12, 5, 4, 7, 9, 11, 8, 6, 18, 19];2;1;8;0;8;1
2013;19;81496.54111952339;42700.22098256787;"[""Australia Melbourne"", ""Malaysia Kuala Lumpur"", ""China Shanghai"", ""Bahrain Sakhir"", ""Spain Montmel\u00f3"", ""Monaco Monte-Carlo"", ""Canada Montreal"", ""UK Silverstone"", ""Germany N\u00fcrburg"", ""Hungary Budapest"", ""Belgium Spa"", ""Italy Monza"", ""Singapore Marina Bay"", ""Korea Yeongam County"", ""Japan Suzuka"", ""India Uttar Pradesh"", ""UAE Abu Dhabi"", ""USA Austin"", ""Brazil S\u00e3o Paulo""]";[0, 12, 1, 14, 13, 2, 15, 16, 3, 9, 11, 5, 4, 8, 10, 7, 6, 17, 18];2;1;7;0;8;1
2014;19;100694.95822404756;42737.42015515801;"[""Australia Melbourne"", ""Malaysia Kuala Lumpur"", ""Bahrain Sakhir"", ""China Shanghai"", ""Spain Montmel\u00f3"", ""Monaco Monte-Carlo"", ""Canada Montreal"", ""Austria Spielberg"", ""UK Silverstone"", ""Germany Hockenheim"", ""Hungary Budapest"", ""Belgium Spa"", ""Italy Monza"", ""Singapore Marina Bay"", ""Japan Suzuka"", ""Russia Sochi"", ""USA Austin"", ""Brazil S\u00e3o Paulo"", ""UAE Abu Dhabi""]";[0, 14, 3, 13, 1, 18, 2, 15, 10, 7, 12, 5, 4, 9, 11, 8, 6, 16, 17];2;1;9;0;6;1
2015;19;93841.03933135366;43222.406508355285;"[""Australia Melbourne"", ""Malaysia Kuala Lumpur"", ""China Shanghai"", ""Bahrain Sakhir"", ""Spain Montmel\u00f3"", ""Monaco Monte-Carlo"", ""Canada Montreal"", ""Austria Spielberg"", ""UK Silverstone"", ""Hungary Budapest"", ""Belgium Spa"", ""Italy Monza"", ""Singapore Marina Bay"", ""Japan Suzuka"", ""Russia Sochi"", ""USA Austin"", ""Mexico Mexico City"", ""Brazil S\u00e3o Paulo"", ""UAE Abu Dhabi""]";[0, 12, 1, 2, 13, 18, 3, 14, 9, 7, 11, 5, 4, 10, 8, 6, 15, 16, 17];3;1;8;0;6;1
2016;21;99183.79560853771;44091.960362355276;"[""Australia Melbourne"", ""Bahrain Sakhir"", ""China Shanghai"", ""Russia Sochi"", ""Spain Montmel\u00f3"", ""Monaco Monte-Carlo"", ""Canada Montreal"", ""Azerbaijan Baku"", ""Austria Spielberg"", ""UK Silverstone"", ""Hungary Budapest"", ""Germany Hockenheim"", ""Belgium Spa"", ""Italy Monza"", ""Singapore Marina Bay"", ""Malaysia Kuala Lumpur"", ""Japan Suzuka"", ""USA Austin"", ""Mexico Mexico City"", ""Brazil S\u00e3o Paulo"", ""UAE Abu Dhabi""]";[0, 14, 15, 2, 16, 20, 1, 7, 3, 10, 8, 11, 12, 13, 5, 4, 9, 6, 17, 18, 19];3;1;9;0;7;1
2017;20;90193.78403411862;43549.056359981056;"[""Australia Melbourne"", ""China Shanghai"", ""Bahrain Sakhir"", ""Russia Sochi"", ""Spain Montmel\u00f3"", ""Monaco Monte-Carlo"", ""Canada Montreal"", ""Azerbaijan Baku"", ""Austria Spielberg"", ""UK Silverstone"", ""Hungary Budapest"", ""Belgium Spa"", ""Italy Monza"", ""Singapore Marina Bay"", ""Malaysia Kuala Lumpur"", ""Japan Suzuka"", ""USA Austin"", ""Mexico Mexico City"", ""Brazil S\u00e3o Paulo"", ""UAE Abu Dhabi""]";[0, 13, 14, 1, 15, 19, 2, 7, 3, 10, 8, 12, 5, 4, 11, 9, 6, 16, 17, 18];3;1;8;0;7;1
2018;21;104764.61334413252;43478.416850978916;"[""Australia Melbourne"", ""Bahrain Sakhir"", ""China Shanghai"", ""Azerbaijan Baku"", ""Spain Montmel\u00f3"", ""Monaco Monte-Carlo"", ""Canada Montreal"", ""France Le Castellet"", ""Austria Spielberg"", ""UK Silverstone"", ""Germany Hockenheim"", ""Hungary Budapest"", ""Belgium Spa"", ""Italy Monza"", ""Singapore Marina Bay"", ""Russia Sochi"", ""Japan Suzuka"", ""USA Austin"", ""Mexico Mexico City"", ""Brazil S\u00e3o Paulo"", ""UAE Abu Dhabi""]";[0, 14, 16, 2, 20, 1, 3, 15, 11, 8, 13, 5, 7, 4, 10, 12, 9, 6, 17, 18, 19];3;1;10;0;6;1
2019;21;106202.1266332372;43478.416850978916;"[""Australia Melbourne"", ""Bahrain Sakhir"", ""China Shanghai"", ""Azerbaijan Baku"", ""Spain Montmel\u00f3"", ""Monaco Monte-Carlo"", ""Canada Montreal"", ""France Le Castellet"", ""Austria Spielberg"", ""UK Silverstone"", ""Germany Hockenheim"", ""Hungary Budapest"", ""Belgium Spa"", ""Italy Monza"", ""Singapore Marina Bay"", ""Russia Sochi"", ""Japan Suzuka"", ""Mexico Mexico City"", ""USA Austin"", ""Brazil S\u00e3o Paulo"", ""UAE Abu Dhabi""]";[0, 14, 16, 2, 20, 1, 3, 15, 11, 8, 13, 5, 7, 4, 10, 12, 9, 6, 18, 17, 19];3;1;10;0;6;1
2020;17;18060.69766442772;10370.73421773697;"[""Austria Spielberg"", ""Austria Spielberg"", ""Hungary Budapest"", ""UK Silverstone"", ""UK Silverstone"", ""Spain Montmel\u00f3"", ""Belgium Spa"", ""Italy Monza"", ""Italy Mugello"", ""Russia Sochi"", ""Germany N\u00fcrburg"", ""Portugal Portim\u00e3o"", ""Italy Imola"", ""Turkey Istanbul"", ""Bahrain Sakhir"", ""Bahrain Sakhir"", ""UAE Abu Dhabi""]";[0, 1, 12, 8, 7, 5, 11, 4, 3, 6, 10, 2, 13, 9, 15, 14, 16];0;0;13;0;4;0
2021;22;57252.71903529935;28559.13909018184;"[""Bahrain Sakhir"", ""Italy Imola"", ""Portugal Portim\u00e3o"", ""Spain Montmel\u00f3"", ""Monaco Monte-Carlo"", ""Azerbaijan Baku"", ""France Le Castellet"", ""Austria Spielberg"", ""Austria Spielberg"", ""UK Silverstone"", ""Hungary Budapest"", ""Belgium Spa"", ""Netherlands Zandvoort"", ""Italy Monza"", ""Russia Sochi"", ""Turkey Istanbul"", ""USA Austin"", ""Mexico Mexico City"", ""Brazil S\u00e3o Paulo"", ""Qatar Al Daayen"", ""Saudi Arabia Jeddah"", ""UAE Abu Dhabi""]";[0, 19, 21, 20, 5, 14, 15, 10, 7, 8, 1, 13, 11, 12, 9, 6, 4, 3, 2, 18, 17, 16];2;1;13;0;6;0
2022;22;115789.15366516866;55329.14354843996;"[""Bahrain Sakhir"", ""Saudi Arabia Jeddah"", ""Australia Melbourne"", ""Italy Imola"", ""United States Miami"", ""Spain Barcelona"", ""Monaco Monaco"", ""Azerbaijan Baku"", ""Canada Montr\u00e9al"", ""Great Britain Silverstone"", ""Austria Spielberg"", ""France Le Castellet"", ""Hungary Budapest"", ""Belgium Spa-Francorchamps"", ""Netherlands Zandvoort"", ""Italy Monza"", ""Singapore Marina Bay"", ""Japan Suzuka"", ""United States Austin"", ""Mexico Mexico City"", ""Brazil S\u00e3o Paulo"", ""Abu Dhabi Yas Island""]";[0, 21, 1, 7, 16, 2, 17, 12, 10, 3, 15, 6, 11, 5, 13, 14, 9, 8, 4, 18, 19, 20];4;1;10;0;6;1
2023;23;132235.23910314354;59135.202702562514;"[""Bahrain Sakhir"", ""Saudi Arabia Jeddah"", ""Australia Melbourne"", ""Azerbaijan Baku"", ""USA Miami"", ""Italy Imola"", ""Monaco Monte-Carlo"", ""Spain Montmel\u00f3"", ""Canada Montreal"", ""Austria Spielberg"", ""UK Silverstone"", ""Hungary Budapest"", ""Belgium Spa"", ""Netherlands Zandvoort"", ""Italy Monza"", ""Singapore Marina Bay"", ""Japan Suzuka"", ""Qatar Al Daayen"", ""USA Austin"", ""Mexico Mexico City"", ""Brazil S\u00e3o Paulo"", ""USA Nevada"", ""UAE Abu Dhabi""]";[0, 17, 22, 1, 3, 15, 2, 16, 21, 18, 19, 4, 8, 10, 13, 12, 9, 11, 5, 14, 6, 7, 20];5;1;9;0;7;1
